{
    "XGBoost Accuracy": 0.8005677785663591,
    "ANN Accuracy": 0.7863733144073811,
    "Hybrid Model Accuracy": 0.8005677785663591,
    "Confusion Matrix": [
        [
            929,
            106
        ],
        [
            175,
            199
        ]
    ],
    "Classification Report": {
        "0": {
            "precision": 0.8414855072463768,
            "recall": 0.8975845410628019,
            "f1-score": 0.868630201028518,
            "support": 1035.0
        },
        "1": {
            "precision": 0.6524590163934426,
            "recall": 0.5320855614973262,
            "f1-score": 0.5861561119293078,
            "support": 374.0
        },
        "accuracy": 0.8005677785663591,
        "macro avg": {
            "precision": 0.7469722618199097,
            "recall": 0.7148350512800641,
            "f1-score": 0.7273931564789129,
            "support": 1409.0
        },
        "weighted avg": {
            "precision": 0.7913109809305517,
            "recall": 0.8005677785663591,
            "f1-score": 0.7936512731909704,
            "support": 1409.0
        }
    }
}